Student_ID,Student_Name,Class,Maths,Science,English,Computer,Social,Average,Grade,Pass_Fail
S0001,Student_1,A,28,60,56,53,42,47.8,F,Fail
S0002,Student_2,A,94,36,100,79,29,67.6,C,Fail
S0003,Student_3,A,36,52,54,89,28,51.8,D,Fail
S0004,Student_4,B,94,78,53,82,100,81.4,A,Pass
S0005,Student_5,C,25,45,79,68,60,55.4,D,Fail
S0006,Student_6,B,52,68,38,36,73,53.4,D,Pass
S0007,Student_7,A,70,69,58,30,83,62.0,C,Fail
S0008,Student_8,A,73,35,95,62,71,67.2,C,Pass
S0009,Student_9,B,33,30,54,62,35,42.8,F,Fail
S0010,Student_10,B,37,73,60,83,71,64.8,C,Pass
S0011,Student_11,B,72,70,51,59,34,57.2,D,Fail
S0012,Student_12,B,93,56,45,84,73,70.2,B,Pass
S0013,Student_13,C,96,53,66,32,54,60.2,C,Fail
S0014,Student_14,A,65,76,59,33,52,57.0,D,Fail
S0015,Student_15,C,52,88,75,83,43,68.2,C,Pass
S0016,Student_16,C,42,56,96,93,58,69.0,C,Pass
S0017,Student_17,D,99,76,71,53,42,68.2,C,Pass
S0018,Student_18,D,36,31,39,44,45,39.0,F,Fail
S0019,Student_19,D,33,74,73,84,92,71.2,B,Fail
S0020,Student_20,C,95,26,39,93,59,62.4,C,Fail
S0021,Student_21,C,39,62,80,45,83,61.8,C,Pass
S0022,Student_22,A,58,89,47,89,38,64.2,C,Pass
S0023,Student_23,C,89,50,44,72,45,60.0,C,Pass
S0024,Student_24,A,66,87,27,39,71,58.0,D,Fail
S0025,Student_25,C,55,32,55,97,35,54.8,D,Fail
S0026,Student_26,A,87,33,93,41,41,59.0,D,Fail
S0027,Student_27,D,95,46,58,92,79,74.0,B,Pass
S0028,Student_28,B,94,50,64,76,72,71.2,B,Pass
S0029,Student_29,D,91,82,40,56,53,64.4,C,Pass
S0030,Student_30,A,68,27,100,95,54,68.8,C,Fail
S0031,Student_31,B,25,34,32,54,33,35.6,F,Fail
S0032,Student_32,A,67,34,90,55,60,61.2,C,Fail
S0033,Student_33,D,52,94,41,98,98,76.6,B,Pass
S0034,Student_34,D,56,85,77,49,37,60.8,C,Pass
S0035,Student_35,A,80,70,79,77,84,78.0,B,Pass
S0036,Student_36,A,37,32,76,68,38,50.2,D,Fail
S0037,Student_37,B,49,49,93,82,42,63.0,C,Pass
S0038,Student_38,D,48,60,84,56,34,56.4,D,Fail
S0039,Student_39,D,95,37,31,94,26,56.6,D,Fail
S0040,Student_40,A,55,46,77,87,86,70.2,B,Pass
S0041,Student_41,B,76,32,46,73,25,50.4,D,Fail
S0042,Student_42,D,58,83,61,79,96,75.4,B,Pass
S0043,Student_43,D,44,49,62,52,32,47.8,F,Fail
S0044,Student_44,A,65,32,31,99,86,62.6,C,Fail
S0045,Student_45,B,32,90,35,48,33,47.6,F,Fail
S0046,Student_46,A,55,76,40,97,56,64.8,C,Pass
S0047,Student_47,A,35,78,99,97,91,80.0,A,Pass
S0048,Student_48,C,58,51,65,55,58,57.4,D,Pass
S0049,Student_49,D,41,63,83,65,34,57.2,D,Fail
S0050,Student_50,A,83,97,37,34,93,68.8,C,Fail
S0051,Student_51,B,89,58,41,69,33,58.0,D,Fail
S0052,Student_52,B,72,61,45,81,94,70.6,B,Pass
S0053,Student_53,C,92,26,95,63,38,62.8,C,Fail
S0054,Student_54,B,58,39,38,95,44,54.8,D,Pass
S0055,Student_55,C,61,51,68,51,58,57.8,D,Pass
S0056,Student_56,D,57,31,36,79,60,52.6,D,Fail
S0057,Student_57,A,25,67,41,58,45,47.2,F,Fail
S0058,Student_58,D,95,79,96,26,39,67.0,C,Fail
S0059,Student_59,A,44,94,29,72,99,67.6,C,Fail
S0060,Student_60,B,80,41,30,64,71,57.2,D,Fail
S0061,Student_61,A,70,51,56,38,70,57.0,D,Pass
S0062,Student_62,D,44,55,45,47,77,53.6,D,Pass
S0063,Student_63,A,47,67,77,56,59,61.2,C,Pass
S0064,Student_64,B,38,73,29,85,53,55.6,D,Fail
S0065,Student_65,B,83,69,64,54,53,64.6,C,Pass
S0066,Student_66,A,49,76,67,60,33,57.0,D,Fail
S0067,Student_67,C,69,90,76,93,67,79.0,B,Pass
S0068,Student_68,A,39,58,47,99,58,60.2,C,Pass
S0069,Student_69,A,38,80,69,65,80,66.4,C,Pass
S0070,Student_70,A,74,98,49,57,30,61.6,C,Fail
S0071,Student_71,D,25,91,93,50,71,66.0,C,Fail
S0072,Student_72,D,33,67,65,40,63,53.6,D,Fail
S0073,Student_73,C,77,66,76,62,95,75.2,B,Pass
S0074,Student_74,B,49,78,73,47,97,68.8,C,Pass
S0075,Student_75,C,76,95,25,63,61,64.0,C,Fail
S0076,Student_76,B,80,99,66,84,81,82.0,A,Pass
S0077,Student_77,D,52,90,85,46,35,61.6,C,Pass
S0078,Student_78,C,90,67,36,55,64,62.4,C,Pass
S0079,Student_79,B,50,43,28,30,56,41.4,F,Fail
S0080,Student_80,D,34,83,78,98,49,68.4,C,Fail
S0081,Student_81,D,88,76,56,43,25,57.6,D,Fail
S0082,Student_82,A,79,53,47,91,84,70.8,B,Pass
S0083,Student_83,A,96,56,40,83,42,63.4,C,Pass
S0084,Student_84,D,92,96,65,81,89,84.6,A,Pass
S0085,Student_85,D,95,82,45,85,82,77.8,B,Pass
S0086,Student_86,C,56,60,91,87,55,69.8,C,Pass
S0087,Student_87,C,81,34,61,55,59,58.0,D,Fail
S0088,Student_88,C,65,94,35,42,44,56.0,D,Pass
S0089,Student_89,B,74,44,52,33,78,56.2,D,Fail
S0090,Student_90,D,67,94,84,78,32,71.0,B,Fail
S0091,Student_91,B,78,74,99,27,98,75.2,B,Fail
S0092,Student_92,D,86,25,70,63,74,63.6,C,Fail
S0093,Student_93,D,93,94,53,87,53,76.0,B,Pass
S0094,Student_94,C,80,87,28,74,68,67.4,C,Fail
S0095,Student_95,D,46,84,41,93,28,58.4,D,Fail
S0096,Student_96,D,100,97,28,35,79,67.8,C,Fail
S0097,Student_97,B,84,48,31,58,73,58.8,D,Fail
S0098,Student_98,C,52,83,66,68,73,68.4,C,Pass
S0099,Student_99,C,78,57,35,85,27,56.4,D,Fail
S0100,Student_100,A,69,53,33,30,28,42.6,F,Fail
S0101,Student_101,B,50,27,44,55,41,43.4,F,Fail
S0102,Student_102,D,39,97,52,84,57,65.8,C,Pass
S0103,Student_103,C,46,39,45,64,38,46.4,F,Pass
S0104,Student_104,A,64,98,73,75,50,72.0,B,Pass
S0105,Student_105,A,100,56,38,63,40,59.4,D,Pass
S0106,Student_106,A,69,93,79,72,33,69.2,C,Fail
S0107,Student_107,C,26,78,87,38,80,61.8,C,Fail
S0108,Student_108,C,83,44,80,47,91,69.0,C,Pass
S0109,Student_109,C,93,86,84,80,100,88.6,A,Pass
S0110,Student_110,C,66,56,36,60,82,60.0,C,Pass
S0111,Student_111,B,84,97,73,68,28,70.0,B,Fail
S0112,Student_112,D,66,48,87,52,70,64.6,C,Pass
S0113,Student_113,C,68,60,60,96,26,62.0,C,Fail
S0114,Student_114,B,35,55,77,87,96,70.0,B,Pass
S0115,Student_115,B,85,87,82,27,36,63.4,C,Fail
S0116,Student_116,C,53,76,56,64,99,69.6,C,Pass
S0117,Student_117,C,85,95,92,69,79,84.0,A,Pass
S0118,Student_118,C,70,83,59,64,57,66.6,C,Pass
S0119,Student_119,B,40,49,65,40,93,57.4,D,Pass
S0120,Student_120,B,49,52,86,60,100,69.4,C,Pass
S0121,Student_121,C,37,49,62,54,71,54.6,D,Pass
S0122,Student_122,B,63,26,93,41,60,56.6,D,Fail
S0123,Student_123,A,31,95,62,41,87,63.2,C,Fail
S0124,Student_124,A,26,98,61,85,86,71.2,B,Fail
S0125,Student_125,D,68,48,31,57,86,58.0,D,Fail
S0126,Student_126,A,33,76,87,34,98,65.6,C,Fail
S0127,Student_127,A,44,44,97,63,35,56.6,D,Pass
S0128,Student_128,B,40,96,78,53,91,71.6,B,Pass
S0129,Student_129,D,82,81,63,100,79,81.0,A,Pass
S0130,Student_130,C,97,32,37,51,52,53.8,D,Fail
S0131,Student_131,C,35,45,55,47,95,55.4,D,Pass
S0132,Student_132,A,45,25,77,82,85,62.8,C,Fail
S0133,Student_133,C,29,54,61,61,83,57.6,D,Fail
S0134,Student_134,A,54,58,100,50,79,68.2,C,Pass
S0135,Student_135,A,94,53,44,59,43,58.6,D,Pass
S0136,Student_136,A,32,46,64,97,61,60.0,C,Fail
S0137,Student_137,D,40,84,63,76,59,64.4,C,Pass
S0138,Student_138,D,81,35,30,80,66,58.4,D,Fail
S0139,Student_139,C,28,36,54,98,100,63.2,C,Fail
S0140,Student_140,A,59,98,30,47,85,63.8,C,Fail
S0141,Student_141,D,60,48,99,80,87,74.8,B,Pass
S0142,Student_142,A,85,69,77,67,66,72.8,B,Pass
S0143,Student_143,A,45,67,77,88,61,67.6,C,Pass
S0144,Student_144,D,95,29,83,36,65,61.6,C,Fail
S0145,Student_145,C,66,39,76,90,25,59.2,D,Fail
S0146,Student_146,D,77,31,49,91,71,63.8,C,Fail
S0147,Student_147,D,81,31,51,59,95,63.4,C,Fail
S0148,Student_148,B,61,81,87,40,28,59.4,D,Fail
S0149,Student_149,B,45,64,95,26,95,65.0,C,Fail
S0150,Student_150,D,36,53,39,84,40,50.4,D,Pass
S0151,Student_151,B,88,62,90,59,78,75.4,B,Pass
S0152,Student_152,D,85,56,83,95,43,72.4,B,Pass
S0153,Student_153,D,49,90,42,33,60,54.8,D,Fail
S0154,Student_154,D,68,89,59,25,61,60.4,C,Fail
S0155,Student_155,C,100,99,87,44,82,82.4,A,Pass
S0156,Student_156,D,69,67,95,94,73,79.6,B,Pass
S0157,Student_157,D,66,49,55,98,74,68.4,C,Pass
S0158,Student_158,B,77,30,65,85,73,66.0,C,Fail
S0159,Student_159,D,44,88,29,41,89,58.2,D,Fail
S0160,Student_160,C,37,81,37,92,83,66.0,C,Pass
S0161,Student_161,A,43,77,44,34,85,56.6,D,Fail
S0162,Student_162,C,68,75,35,67,93,67.6,C,Pass
S0163,Student_163,D,65,87,94,29,33,61.6,C,Fail
S0164,Student_164,B,61,54,36,80,37,53.6,D,Pass
S0165,Student_165,A,81,46,63,28,30,49.6,F,Fail
S0166,Student_166,C,32,62,70,72,80,63.2,C,Fail
S0167,Student_167,B,56,92,77,97,48,74.0,B,Pass
S0168,Student_168,B,47,35,73,55,88,59.6,D,Pass
S0169,Student_169,B,54,84,57,83,57,67.0,C,Pass
S0170,Student_170,A,84,61,94,45,34,63.6,C,Fail
S0171,Student_171,D,69,100,63,79,57,73.6,B,Pass
S0172,Student_172,D,63,50,74,86,38,62.2,C,Pass
S0173,Student_173,B,73,98,70,98,62,80.2,A,Pass
S0174,Student_174,C,27,75,60,26,97,57.0,D,Fail
S0175,Student_175,A,88,61,54,70,53,65.2,C,Pass
S0176,Student_176,B,57,42,37,30,64,46.0,F,Fail
S0177,Student_177,D,29,99,71,41,36,55.2,D,Fail
S0178,Student_178,C,66,78,47,50,41,56.4,D,Pass
S0179,Student_179,C,92,89,59,46,57,68.6,C,Pass
S0180,Student_180,D,62,68,39,84,34,57.4,D,Fail
S0181,Student_181,B,53,75,96,71,36,66.2,C,Pass
S0182,Student_182,D,26,58,93,40,83,60.0,C,Fail
S0183,Student_183,C,58,99,73,72,38,68.0,C,Pass
S0184,Student_184,B,85,28,96,66,53,65.6,C,Fail
S0185,Student_185,A,84,63,77,39,42,61.0,C,Pass
S0186,Student_186,A,29,63,88,39,37,51.2,D,Fail
S0187,Student_187,B,93,42,74,83,72,72.8,B,Pass
S0188,Student_188,D,100,44,78,37,87,69.2,C,Pass
S0189,Student_189,D,60,29,72,52,81,58.8,D,Fail
S0190,Student_190,D,55,71,37,72,94,65.8,C,Pass
S0191,Student_191,C,32,75,60,49,40,51.2,D,Fail
S0192,Student_192,D,36,52,27,31,67,42.6,F,Fail
S0193,Student_193,B,41,97,51,33,95,63.4,C,Fail
S0194,Student_194,B,100,52,54,67,43,63.2,C,Pass
S0195,Student_195,A,60,43,41,94,57,59.0,D,Pass
S0196,Student_196,B,39,28,41,26,70,40.8,F,Fail
S0197,Student_197,B,100,66,27,47,58,59.6,D,Fail
S0198,Student_198,A,41,78,92,39,33,56.6,D,Fail
S0199,Student_199,D,82,71,90,100,38,76.2,B,Pass
S0200,Student_200,D,89,53,30,91,63,65.2,C,Fail
S0201,Student_201,D,28,32,86,76,79,60.2,C,Fail
S0202,Student_202,A,87,81,34,35,66,60.6,C,Fail
S0203,Student_203,B,33,41,60,99,95,65.6,C,Fail
S0204,Student_204,C,73,92,62,83,89,79.8,B,Pass
S0205,Student_205,D,37,39,95,52,80,60.6,C,Pass
S0206,Student_206,D,54,77,68,83,76,71.6,B,Pass
S0207,Student_207,D,37,65,79,65,57,60.6,C,Pass
S0208,Student_208,C,44,85,33,36,35,46.6,F,Fail
S0209,Student_209,A,80,37,72,41,96,65.2,C,Pass
S0210,Student_210,A,100,96,96,67,40,79.8,B,Pass
S0211,Student_211,D,70,79,31,61,64,61.0,C,Fail
S0212,Student_212,C,38,98,89,52,44,64.2,C,Pass
S0213,Student_213,D,53,38,69,96,72,65.6,C,Pass
S0214,Student_214,A,60,98,53,79,96,77.2,B,Pass
S0215,Student_215,A,59,28,48,59,64,51.6,D,Fail
S0216,Student_216,C,69,25,48,43,97,56.4,D,Fail
S0217,Student_217,D,33,43,28,36,92,46.4,F,Fail
S0218,Student_218,B,73,78,83,68,45,69.4,C,Pass
S0219,Student_219,C,64,66,97,35,31,58.6,D,Fail
S0220,Student_220,B,45,31,35,59,81,50.2,D,Fail
S0221,Student_221,D,87,81,78,59,52,71.4,B,Pass
S0222,Student_222,A,69,80,39,61,100,69.8,C,Pass
S0223,Student_223,D,92,64,30,53,75,62.8,C,Fail
S0224,Student_224,A,25,51,63,52,42,46.6,F,Fail
S0225,Student_225,C,62,66,40,25,88,56.2,D,Fail
S0226,Student_226,D,47,41,73,93,54,61.6,C,Pass
S0227,Student_227,C,34,75,30,80,27,49.2,F,Fail
S0228,Student_228,D,34,65,98,79,98,74.8,B,Fail
S0229,Student_229,D,78,62,39,76,27,56.4,D,Fail
S0230,Student_230,C,46,83,71,36,80,63.2,C,Pass
S0231,Student_231,A,56,80,100,76,92,80.8,A,Pass
S0232,Student_232,A,75,64,68,53,67,65.4,C,Pass
S0233,Student_233,B,34,90,39,92,90,69.0,C,Fail
S0234,Student_234,B,69,69,43,55,38,54.8,D,Pass
S0235,Student_235,B,57,50,47,44,34,46.4,F,Fail
S0236,Student_236,B,88,84,97,99,82,90.0,A+,Pass
S0237,Student_237,C,65,44,81,33,85,61.6,C,Fail
S0238,Student_238,D,63,60,100,32,70,65.0,C,Fail
S0239,Student_239,A,64,84,82,29,32,58.2,D,Fail
S0240,Student_240,C,61,34,36,89,74,58.8,D,Fail
S0241,Student_241,D,99,95,30,82,98,80.8,A,Fail
S0242,Student_242,B,66,85,89,44,32,63.2,C,Fail
S0243,Student_243,D,38,68,35,89,47,55.4,D,Pass
S0244,Student_244,A,56,81,81,92,91,80.2,A,Pass
S0245,Student_245,B,71,72,61,74,77,71.0,B,Pass
S0246,Student_246,C,31,67,33,67,37,47.0,F,Fail
S0247,Student_247,D,61,57,44,67,35,52.8,D,Pass
S0248,Student_248,B,69,64,75,41,35,56.8,D,Pass
S0249,Student_249,C,96,73,67,41,92,73.8,B,Pass
S0250,Student_250,A,79,90,71,27,71,67.6,C,Fail
S0251,Student_251,C,48,52,68,87,49,60.8,C,Pass
S0252,Student_252,B,42,44,34,62,37,43.8,F,Fail
S0253,Student_253,A,68,41,73,44,45,54.2,D,Pass
S0254,Student_254,B,46,81,30,77,71,61.0,C,Fail
S0255,Student_255,B,81,61,82,54,93,74.2,B,Pass
S0256,Student_256,B,64,85,49,72,98,73.6,B,Pass
S0257,Student_257,D,84,61,73,89,92,79.8,B,Pass
S0258,Student_258,D,45,50,42,57,31,45.0,F,Fail
S0259,Student_259,D,72,95,38,91,40,67.2,C,Pass
S0260,Student_260,C,35,45,59,82,90,62.2,C,Pass
S0261,Student_261,B,80,36,53,82,69,64.0,C,Pass
S0262,Student_262,A,78,31,75,89,72,69.0,C,Fail
S0263,Student_263,B,74,35,72,53,28,52.4,D,Fail
S0264,Student_264,C,37,67,43,42,29,43.6,F,Fail
S0265,Student_265,C,85,42,85,82,25,63.8,C,Fail
S0266,Student_266,A,27,57,52,44,95,55.0,D,Fail
S0267,Student_267,D,39,61,55,63,40,51.6,D,Pass
S0268,Student_268,A,55,78,83,33,39,57.6,D,Fail
S0269,Student_269,D,93,27,90,98,55,72.6,B,Fail
S0270,Student_270,B,62,79,25,70,55,58.2,D,Fail
S0271,Student_271,D,48,35,92,71,33,55.8,D,Fail
S0272,Student_272,A,74,85,30,74,72,67.0,C,Fail
S0273,Student_273,C,27,70,33,69,55,50.8,D,Fail
S0274,Student_274,A,99,67,42,30,70,61.6,C,Fail
S0275,Student_275,C,47,84,86,48,42,61.4,C,Pass
S0276,Student_276,A,83,29,62,50,30,50.8,D,Fail
S0277,Student_277,B,30,65,64,90,75,64.8,C,Fail
S0278,Student_278,D,57,29,49,61,70,53.2,D,Fail
S0279,Student_279,A,67,59,40,72,80,63.6,C,Pass
S0280,Student_280,D,81,74,68,48,88,71.8,B,Pass
S0281,Student_281,D,72,91,59,35,79,67.2,C,Pass
S0282,Student_282,A,80,48,94,62,66,70.0,B,Pass
S0283,Student_283,A,35,66,62,64,82,61.8,C,Pass
S0284,Student_284,D,46,81,69,82,30,61.6,C,Fail
S0285,Student_285,C,80,60,32,34,76,56.4,D,Fail
S0286,Student_286,C,90,45,28,43,81,57.4,D,Fail
S0287,Student_287,A,41,33,55,71,71,54.2,D,Fail
S0288,Student_288,D,97,29,44,82,72,64.8,C,Fail
S0289,Student_289,C,81,34,98,42,92,69.4,C,Fail
S0290,Student_290,C,75,65,60,56,39,59.0,D,Pass
S0291,Student_291,A,48,88,91,74,96,79.4,B,Pass
S0292,Student_292,A,58,58,82,52,61,62.2,C,Pass
S0293,Student_293,D,50,40,42,34,82,49.6,F,Fail
S0294,Student_294,B,81,36,65,69,33,56.8,D,Fail
S0295,Student_295,C,63,45,47,71,90,63.2,C,Pass
S0296,Student_296,B,40,50,42,55,88,55.0,D,Pass
S0297,Student_297,A,71,95,98,72,84,84.0,A,Pass
S0298,Student_298,B,36,33,64,75,86,58.8,D,Fail
S0299,Student_299,D,77,98,34,41,65,63.0,C,Fail
S0300,Student_300,A,82,84,91,69,41,73.4,B,Pass
S0301,Student_301,B,41,80,89,32,40,56.4,D,Fail
S0302,Student_302,B,63,46,45,66,53,54.6,D,Pass
S0303,Student_303,C,91,61,35,57,50,58.8,D,Pass
S0304,Student_304,C,41,63,93,36,89,64.4,C,Pass
S0305,Student_305,B,100,99,44,46,68,71.4,B,Pass
S0306,Student_306,A,28,35,30,98,58,49.8,F,Fail
S0307,Student_307,B,98,78,28,88,94,77.2,B,Fail
S0308,Student_308,C,63,86,56,76,63,68.8,C,Pass
S0309,Student_309,D,34,32,45,81,78,54.0,D,Fail
S0310,Student_310,D,84,51,68,43,65,62.2,C,Pass
S0311,Student_311,C,69,76,41,72,90,69.6,C,Pass
S0312,Student_312,A,65,55,84,40,59,60.6,C,Pass
S0313,Student_313,D,56,43,37,31,62,45.8,F,Fail
S0314,Student_314,D,78,56,45,66,98,68.6,C,Pass
S0315,Student_315,C,49,45,88,90,84,71.2,B,Pass
S0316,Student_316,D,64,88,27,36,75,58.0,D,Fail
S0317,Student_317,D,55,52,99,70,31,61.4,C,Fail
S0318,Student_318,A,61,88,85,61,93,77.6,B,Pass
S0319,Student_319,A,38,80,42,58,71,57.8,D,Pass
S0320,Student_320,D,71,30,76,31,97,61.0,C,Fail
S0321,Student_321,B,71,95,61,34,74,67.0,C,Fail
S0322,Student_322,D,95,60,40,41,37,54.6,D,Pass
S0323,Student_323,D,72,68,96,71,43,70.0,B,Pass
S0324,Student_324,B,90,76,89,30,30,63.0,C,Fail
S0325,Student_325,A,42,67,85,91,83,73.6,B,Pass
S0326,Student_326,B,90,42,66,65,45,61.6,C,Pass
S0327,Student_327,D,63,100,68,89,90,82.0,A,Pass
S0328,Student_328,D,97,63,85,27,72,68.8,C,Fail
S0329,Student_329,C,39,78,99,64,28,61.6,C,Fail
S0330,Student_330,D,58,99,98,54,31,68.0,C,Fail
S0331,Student_331,D,46,92,73,43,56,62.0,C,Pass
S0332,Student_332,A,98,39,49,27,81,58.8,D,Fail
S0333,Student_333,C,78,44,77,51,77,65.4,C,Pass
S0334,Student_334,D,32,42,91,51,96,62.4,C,Fail
S0335,Student_335,C,86,92,73,65,47,72.6,B,Pass
S0336,Student_336,D,93,68,94,70,58,76.6,B,Pass
S0337,Student_337,D,49,56,60,96,63,64.8,C,Pass
S0338,Student_338,B,63,61,51,87,65,65.4,C,Pass
S0339,Student_339,D,69,96,60,61,40,65.2,C,Pass
S0340,Student_340,D,75,69,43,62,30,55.8,D,Fail
S0341,Student_341,C,35,69,81,57,86,65.6,C,Pass
S0342,Student_342,B,50,93,59,96,59,71.4,B,Pass
S0343,Student_343,B,38,100,55,56,31,56.0,D,Fail
S0344,Student_344,B,54,31,37,77,67,53.2,D,Fail
S0345,Student_345,D,37,42,25,95,45,48.8,F,Fail
S0346,Student_346,D,85,86,50,61,66,69.6,C,Pass
S0347,Student_347,C,32,36,98,54,93,62.6,C,Fail
S0348,Student_348,A,47,78,47,29,75,55.2,D,Fail
S0349,Student_349,D,48,62,29,26,63,45.6,F,Fail
S0350,Student_350,A,67,61,83,94,92,79.4,B,Pass
S0351,Student_351,D,42,89,84,59,49,64.6,C,Pass
S0352,Student_352,A,67,45,83,57,48,60.0,C,Pass
S0353,Student_353,A,68,62,97,49,47,64.6,C,Pass
S0354,Student_354,D,79,90,66,36,76,69.4,C,Pass
S0355,Student_355,A,48,42,86,66,56,59.6,D,Pass
S0356,Student_356,A,58,74,55,82,59,65.6,C,Pass
S0357,Student_357,C,63,99,98,26,58,68.8,C,Fail
S0358,Student_358,C,55,32,40,84,64,55.0,D,Fail
S0359,Student_359,B,76,89,64,40,62,66.2,C,Pass
S0360,Student_360,C,53,53,42,86,44,55.6,D,Pass
S0361,Student_361,D,72,78,95,85,93,84.6,A,Pass
S0362,Student_362,B,56,35,92,82,92,71.4,B,Pass
S0363,Student_363,C,34,97,39,32,95,59.4,D,Fail
S0364,Student_364,B,98,93,44,46,66,69.4,C,Pass
S0365,Student_365,D,39,51,99,87,36,62.4,C,Pass
S0366,Student_366,D,32,83,41,90,78,64.8,C,Fail
S0367,Student_367,D,97,32,96,84,64,74.6,B,Fail
S0368,Student_368,A,75,57,25,52,99,61.6,C,Fail
S0369,Student_369,A,30,79,69,33,94,61.0,C,Fail
S0370,Student_370,A,33,85,29,61,77,57.0,D,Fail
S0371,Student_371,B,42,78,72,73,82,69.4,C,Pass
S0372,Student_372,D,73,35,94,42,69,62.6,C,Pass
S0373,Student_373,A,47,93,75,92,41,69.6,C,Pass
S0374,Student_374,B,25,27,63,84,94,58.6,D,Fail
S0375,Student_375,D,93,73,54,56,83,71.8,B,Pass
S0376,Student_376,C,44,60,49,39,29,44.2,F,Fail
S0377,Student_377,D,27,55,51,33,37,40.6,F,Fail
S0378,Student_378,A,82,31,56,30,76,55.0,D,Fail
S0379,Student_379,D,54,94,52,32,42,54.8,D,Fail
S0380,Student_380,C,54,98,65,98,66,76.2,B,Pass
S0381,Student_381,B,63,43,91,53,77,65.4,C,Pass
S0382,Student_382,C,60,32,96,100,47,67.0,C,Fail
S0383,Student_383,D,96,88,31,69,73,71.4,B,Fail
S0384,Student_384,C,78,77,44,63,73,67.0,C,Pass
S0385,Student_385,B,93,85,55,53,63,69.8,C,Pass
S0386,Student_386,B,84,32,96,77,78,73.4,B,Fail
S0387,Student_387,B,74,56,57,51,67,61.0,C,Pass
S0388,Student_388,A,82,72,36,93,49,66.4,C,Pass
S0389,Student_389,A,59,73,30,34,49,49.0,F,Fail
S0390,Student_390,B,86,51,67,63,26,58.6,D,Fail
S0391,Student_391,B,49,40,86,56,51,56.4,D,Pass
S0392,Student_392,D,55,95,66,61,73,70.0,B,Pass
S0393,Student_393,D,93,70,64,58,71,71.2,B,Pass
S0394,Student_394,D,84,37,85,65,51,64.4,C,Pass
S0395,Student_395,C,65,77,30,97,53,64.4,C,Fail
S0396,Student_396,B,27,58,95,99,99,75.6,B,Fail
S0397,Student_397,D,62,44,50,67,54,55.4,D,Pass
S0398,Student_398,D,97,56,88,95,68,80.8,A,Pass
S0399,Student_399,C,87,87,83,46,70,74.6,B,Pass
S0400,Student_400,B,42,94,87,48,94,73.0,B,Pass
S0401,Student_401,A,92,29,34,31,25,42.2,F,Fail
S0402,Student_402,D,42,54,33,44,26,39.8,F,Fail
S0403,Student_403,B,89,83,72,32,86,72.4,B,Fail
S0404,Student_404,D,27,25,93,95,77,63.4,C,Fail
S0405,Student_405,A,27,92,60,93,61,66.6,C,Fail
S0406,Student_406,A,89,80,47,38,37,58.2,D,Pass
S0407,Student_407,B,55,49,92,57,70,64.6,C,Pass
S0408,Student_408,C,75,35,72,76,83,68.2,C,Pass
S0409,Student_409,B,53,63,35,29,36,43.2,F,Fail
S0410,Student_410,D,73,73,95,85,32,71.6,B,Fail
S0411,Student_411,A,46,35,88,80,67,63.2,C,Pass
S0412,Student_412,A,92,30,54,52,97,65.0,C,Fail
S0413,Student_413,D,59,30,34,60,94,55.4,D,Fail
S0414,Student_414,A,47,65,27,51,100,58.0,D,Fail
S0415,Student_415,B,75,34,63,45,97,62.8,C,Fail
S0416,Student_416,B,97,74,94,67,74,81.2,A,Pass
S0417,Student_417,B,35,89,69,31,37,52.2,D,Fail
S0418,Student_418,D,54,34,68,75,66,59.4,D,Fail
S0419,Student_419,A,59,82,87,54,70,70.4,B,Pass
S0420,Student_420,D,80,48,99,73,35,67.0,C,Pass
S0421,Student_421,C,56,34,35,59,44,45.6,F,Fail
S0422,Student_422,D,44,74,65,71,38,58.4,D,Pass
S0423,Student_423,A,25,64,81,71,59,60.0,C,Fail
S0424,Student_424,A,41,36,48,80,82,57.4,D,Pass
S0425,Student_425,D,38,28,36,70,95,53.4,D,Fail
S0426,Student_426,A,66,74,26,62,77,61.0,C,Fail
S0427,Student_427,D,35,96,56,98,91,75.2,B,Pass
S0428,Student_428,B,73,46,42,59,63,56.6,D,Pass
S0429,Student_429,C,88,43,33,46,80,58.0,D,Fail
S0430,Student_430,C,78,63,86,34,71,66.4,C,Fail
S0431,Student_431,C,56,88,50,83,38,63.0,C,Pass
S0432,Student_432,B,63,25,75,67,73,60.6,C,Fail
S0433,Student_433,C,81,67,80,42,63,66.6,C,Pass
S0434,Student_434,C,50,86,65,47,75,64.6,C,Pass
S0435,Student_435,C,62,87,98,56,66,73.8,B,Pass
S0436,Student_436,D,60,75,71,39,97,68.4,C,Pass
S0437,Student_437,B,100,94,48,95,28,73.0,B,Fail
S0438,Student_438,D,51,81,62,33,77,60.8,C,Fail
S0439,Student_439,D,42,63,55,57,44,52.2,D,Pass
S0440,Student_440,D,73,34,82,86,99,74.8,B,Fail
S0441,Student_441,D,93,89,78,94,29,76.6,B,Fail
S0442,Student_442,C,93,35,38,56,70,58.4,D,Pass
S0443,Student_443,B,30,97,76,67,80,70.0,B,Fail
S0444,Student_444,A,26,37,58,53,90,52.8,D,Fail
S0445,Student_445,B,82,72,75,84,100,82.6,A,Pass
S0446,Student_446,B,69,28,86,38,62,56.6,D,Fail
S0447,Student_447,D,35,39,43,69,64,50.0,D,Pass
S0448,Student_448,C,83,51,91,86,69,76.0,B,Pass
S0449,Student_449,D,37,81,82,65,33,59.6,D,Fail
S0450,Student_450,C,30,39,27,68,38,40.4,F,Fail
S0451,Student_451,B,56,91,47,95,45,66.8,C,Pass
S0452,Student_452,C,96,79,84,54,76,77.8,B,Pass
S0453,Student_453,B,48,80,75,28,50,56.2,D,Fail
S0454,Student_454,D,100,79,74,25,52,66.0,C,Fail
S0455,Student_455,B,60,33,98,38,93,64.4,C,Fail
S0456,Student_456,B,71,66,50,83,39,61.8,C,Pass
S0457,Student_457,C,87,92,65,74,75,78.6,B,Pass
S0458,Student_458,A,69,70,83,47,63,66.4,C,Pass
S0459,Student_459,A,42,65,40,55,64,53.2,D,Pass
S0460,Student_460,A,48,72,43,90,74,65.4,C,Pass
S0461,Student_461,D,42,98,74,79,48,68.2,C,Pass
S0462,Student_462,D,93,47,96,46,87,73.8,B,Pass
S0463,Student_463,C,42,48,65,82,31,53.6,D,Fail
S0464,Student_464,C,26,87,42,49,74,55.6,D,Fail
S0465,Student_465,D,77,87,78,81,87,82.0,A,Pass
S0466,Student_466,B,35,97,28,53,62,55.0,D,Fail
S0467,Student_467,A,60,53,93,61,46,62.6,C,Pass
S0468,Student_468,D,97,88,95,90,39,81.8,A,Pass
S0469,Student_469,A,59,94,71,94,30,69.6,C,Fail
S0470,Student_470,D,94,52,79,38,56,63.8,C,Pass
S0471,Student_471,C,29,82,58,69,36,54.8,D,Fail
S0472,Student_472,D,40,55,51,100,69,63.0,C,Pass
S0473,Student_473,D,46,42,51,51,32,44.4,F,Fail
S0474,Student_474,C,93,60,93,46,66,71.6,B,Pass
S0475,Student_475,C,62,98,59,90,37,69.2,C,Pass
S0476,Student_476,B,77,32,60,41,41,50.2,D,Fail
S0477,Student_477,B,43,66,56,75,87,65.4,C,Pass
S0478,Student_478,B,98,59,78,73,82,78.0,B,Pass
S0479,Student_479,A,36,76,90,60,72,66.8,C,Pass
S0480,Student_480,D,87,66,99,25,36,62.6,C,Fail
S0481,Student_481,D,70,33,93,75,52,64.6,C,Fail
S0482,Student_482,D,52,88,59,66,61,65.2,C,Pass
S0483,Student_483,C,95,98,41,97,87,83.6,A,Pass
S0484,Student_484,C,31,30,37,83,27,41.6,F,Fail
S0485,Student_485,A,45,81,83,25,79,62.6,C,Fail
S0486,Student_486,B,41,63,45,60,36,49.0,F,Pass
S0487,Student_487,C,57,35,72,46,31,48.2,F,Fail
S0488,Student_488,D,64,54,79,36,37,54.0,D,Pass
S0489,Student_489,A,52,86,34,41,100,62.6,C,Fail
S0490,Student_490,B,91,81,26,26,68,58.4,D,Fail
S0491,Student_491,A,79,41,86,34,54,58.8,D,Fail
S0492,Student_492,D,36,38,38,65,72,49.8,F,Pass
S0493,Student_493,C,42,73,42,43,33,46.6,F,Fail
S0494,Student_494,A,46,81,69,52,44,58.4,D,Pass
S0495,Student_495,D,81,52,36,37,42,49.6,F,Pass
S0496,Student_496,A,100,74,69,79,65,77.4,B,Pass
S0497,Student_497,B,56,60,35,56,95,60.4,C,Pass
S0498,Student_498,C,28,63,51,91,90,64.6,C,Fail
S0499,Student_499,B,75,62,31,55,88,62.2,C,Fail
S0500,Student_500,D,39,55,88,34,92,61.6,C,Fail
S0501,Student_501,A,71,65,41,74,97,69.6,C,Pass
S0502,Student_502,D,71,94,47,85,34,66.2,C,Fail
S0503,Student_503,A,100,33,26,58,52,53.8,D,Fail
S0504,Student_504,A,32,75,89,61,89,69.2,C,Fail
S0505,Student_505,D,79,76,35,93,93,75.2,B,Pass
S0506,Student_506,B,60,35,64,35,90,56.8,D,Pass
S0507,Student_507,B,44,93,66,75,100,75.6,B,Pass
S0508,Student_508,A,64,80,55,32,56,57.4,D,Fail
S0509,Student_509,A,80,39,83,32,64,59.6,D,Fail
S0510,Student_510,B,40,26,42,26,45,35.8,F,Fail
S0511,Student_511,D,69,91,91,58,46,71.0,B,Pass
S0512,Student_512,C,41,59,40,28,67,47.0,F,Fail
S0513,Student_513,D,59,92,33,58,98,68.0,C,Fail
S0514,Student_514,A,88,83,90,71,32,72.8,B,Fail
S0515,Student_515,D,97,46,72,45,57,63.4,C,Pass
S0516,Student_516,A,98,39,54,90,25,61.2,C,Fail
S0517,Student_517,A,26,56,30,85,71,53.6,D,Fail
S0518,Student_518,D,44,47,29,95,78,58.6,D,Fail
S0519,Student_519,B,66,56,78,65,59,64.8,C,Pass
S0520,Student_520,A,98,72,40,89,31,66.0,C,Fail
S0521,Student_521,B,53,91,30,76,33,56.6,D,Fail
S0522,Student_522,D,61,64,66,36,95,64.4,C,Pass
S0523,Student_523,D,26,72,50,62,97,61.4,C,Fail
S0524,Student_524,C,56,84,72,100,88,80.0,A,Pass
S0525,Student_525,B,94,56,44,25,77,59.2,D,Fail
S0526,Student_526,A,54,94,69,26,67,62.0,C,Fail
S0527,Student_527,A,73,64,38,51,92,63.6,C,Pass
S0528,Student_528,B,78,87,32,43,60,60.0,C,Fail
S0529,Student_529,A,30,54,91,77,72,64.8,C,Fail
S0530,Student_530,D,35,99,37,89,42,60.4,C,Pass
S0531,Student_531,D,34,100,97,32,80,68.6,C,Fail
S0532,Student_532,B,55,62,58,65,75,63.0,C,Pass
S0533,Student_533,C,65,82,59,54,34,58.8,D,Fail
S0534,Student_534,B,42,99,38,44,38,52.2,D,Pass
S0535,Student_535,B,82,84,65,77,40,69.6,C,Pass
S0536,Student_536,C,51,82,64,84,58,67.8,C,Pass
S0537,Student_537,A,36,45,63,30,52,45.2,F,Fail
S0538,Student_538,C,43,36,56,70,75,56.0,D,Pass
S0539,Student_539,A,63,58,47,28,76,54.4,D,Fail
S0540,Student_540,D,96,95,56,37,84,73.6,B,Pass
S0541,Student_541,A,42,40,26,32,53,38.6,F,Fail
S0542,Student_542,B,50,76,72,35,99,66.4,C,Pass
S0543,Student_543,C,34,27,33,50,81,45.0,F,Fail
S0544,Student_544,B,36,67,40,30,84,51.4,D,Fail
S0545,Student_545,A,46,98,80,75,88,77.4,B,Pass
S0546,Student_546,A,73,79,47,70,52,64.2,C,Pass
S0547,Student_547,B,60,60,82,44,29,55.0,D,Fail
S0548,Student_548,B,62,88,77,95,86,81.6,A,Pass
S0549,Student_549,A,36,60,74,42,78,58.0,D,Pass
S0550,Student_550,B,92,56,94,27,73,68.4,C,Fail
S0551,Student_551,C,86,94,87,69,97,86.6,A,Pass
S0552,Student_552,C,74,59,48,28,65,54.8,D,Fail
S0553,Student_553,B,28,60,32,85,92,59.4,D,Fail
S0554,Student_554,C,99,54,45,37,56,58.2,D,Pass
S0555,Student_555,B,59,93,32,53,98,67.0,C,Fail
S0556,Student_556,D,70,47,47,55,100,63.8,C,Pass
S0557,Student_557,C,70,100,28,70,97,73.0,B,Fail
S0558,Student_558,B,97,49,88,94,64,78.4,B,Pass
S0559,Student_559,B,87,29,36,32,54,47.6,F,Fail
S0560,Student_560,B,27,92,86,25,67,59.4,D,Fail
S0561,Student_561,B,41,68,47,66,32,50.8,D,Fail
S0562,Student_562,A,43,100,43,39,92,63.4,C,Pass
S0563,Student_563,C,34,72,75,100,37,63.6,C,Fail
S0564,Student_564,C,63,66,42,45,80,59.2,D,Pass
S0565,Student_565,D,65,47,96,70,53,66.2,C,Pass
S0566,Student_566,B,73,64,62,41,47,57.4,D,Pass
S0567,Student_567,A,98,75,97,29,48,69.4,C,Fail
S0568,Student_568,C,53,97,38,88,43,63.8,C,Pass
S0569,Student_569,C,34,55,69,65,46,53.8,D,Fail
S0570,Student_570,A,67,82,26,58,51,56.8,D,Fail
S0571,Student_571,B,33,69,57,38,25,44.4,F,Fail
S0572,Student_572,A,74,81,78,46,77,71.2,B,Pass
S0573,Student_573,D,73,69,94,73,37,69.2,C,Pass
S0574,Student_574,D,98,53,45,82,34,62.4,C,Fail
S0575,Student_575,A,62,27,65,58,38,50.0,D,Fail
S0576,Student_576,A,68,46,73,45,34,53.2,D,Fail
S0577,Student_577,A,68,86,28,80,46,61.6,C,Fail
S0578,Student_578,D,45,31,37,67,51,46.2,F,Fail
S0579,Student_579,B,77,95,94,58,61,77.0,B,Pass
S0580,Student_580,C,55,37,31,75,98,59.2,D,Fail
S0581,Student_581,D,44,31,71,25,79,50.0,D,Fail
S0582,Student_582,A,62,86,50,37,28,52.6,D,Fail
S0583,Student_583,B,46,62,35,85,39,53.4,D,Pass
S0584,Student_584,C,75,85,87,58,36,68.2,C,Pass
S0585,Student_585,D,48,72,73,72,48,62.6,C,Pass
S0586,Student_586,D,30,58,81,84,58,62.2,C,Fail
S0587,Student_587,B,59,97,32,44,37,53.8,D,Fail
S0588,Student_588,A,69,94,77,100,54,78.8,B,Pass
S0589,Student_589,A,74,91,78,93,85,84.2,A,Pass
S0590,Student_590,B,85,63,35,75,29,57.4,D,Fail
S0591,Student_591,B,40,82,47,46,52,53.4,D,Pass
S0592,Student_592,B,41,30,79,35,80,53.0,D,Fail
S0593,Student_593,B,43,58,65,33,36,47.0,F,Fail
S0594,Student_594,D,96,75,95,66,60,78.4,B,Pass
S0595,Student_595,D,26,100,91,78,39,66.8,C,Fail
S0596,Student_596,D,44,43,97,100,99,76.6,B,Pass
S0597,Student_597,A,38,97,37,61,93,65.2,C,Pass
S0598,Student_598,C,77,58,74,87,98,78.8,B,Pass
S0599,Student_599,D,29,47,60,76,43,51.0,D,Fail
S0600,Student_600,D,29,75,67,55,31,51.4,D,Fail
S0601,Student_601,D,59,72,27,68,63,57.8,D,Fail
S0602,Student_602,C,60,87,37,54,42,56.0,D,Pass
S0603,Student_603,C,81,66,59,78,36,64.0,C,Pass
S0604,Student_604,B,81,52,77,87,91,77.6,B,Pass
S0605,Student_605,C,32,90,45,33,64,52.8,D,Fail
S0606,Student_606,D,42,92,97,28,47,61.2,C,Fail
S0607,Student_607,B,50,32,56,29,83,50.0,D,Fail
S0608,Student_608,A,71,50,60,72,84,67.4,C,Pass
S0609,Student_609,D,40,28,55,72,87,56.4,D,Fail
S0610,Student_610,D,47,85,100,95,69,79.2,B,Pass
S0611,Student_611,C,45,58,36,61,28,45.6,F,Fail
S0612,Student_612,D,31,45,98,52,53,55.8,D,Fail
S0613,Student_613,B,51,59,77,90,27,60.8,C,Fail
S0614,Student_614,A,85,41,47,26,53,50.4,D,Fail
S0615,Student_615,C,64,60,79,73,69,69.0,C,Pass
S0616,Student_616,D,57,52,84,63,91,69.4,C,Pass
S0617,Student_617,D,99,38,25,90,72,64.8,C,Fail
S0618,Student_618,C,63,38,86,33,68,57.6,D,Fail
S0619,Student_619,C,66,60,58,63,49,59.2,D,Pass
S0620,Student_620,B,91,55,32,76,65,63.8,C,Fail
S0621,Student_621,B,28,88,62,58,78,62.8,C,Fail
S0622,Student_622,D,74,29,99,98,49,69.8,C,Fail
S0623,Student_623,C,53,93,85,70,89,78.0,B,Pass
S0624,Student_624,C,46,96,48,62,37,57.8,D,Pass
S0625,Student_625,D,41,58,96,48,67,62.0,C,Pass
S0626,Student_626,A,53,70,53,64,78,63.6,C,Pass
S0627,Student_627,C,72,58,99,62,84,75.0,B,Pass
S0628,Student_628,A,85,31,99,99,34,69.6,C,Fail
S0629,Student_629,D,49,89,40,73,92,68.6,C,Pass
S0630,Student_630,C,77,31,44,42,50,48.8,F,Fail
S0631,Student_631,C,77,97,83,43,65,73.0,B,Pass
S0632,Student_632,B,35,87,67,47,65,60.2,C,Pass
S0633,Student_633,A,25,82,60,51,46,52.8,D,Fail
S0634,Student_634,B,87,36,41,80,79,64.6,C,Pass
S0635,Student_635,D,79,86,74,25,29,58.6,D,Fail
S0636,Student_636,B,72,26,66,92,49,61.0,C,Fail
S0637,Student_637,A,25,56,53,69,64,53.4,D,Fail
S0638,Student_638,B,38,74,89,100,64,73.0,B,Pass
S0639,Student_639,B,33,30,63,62,83,54.2,D,Fail
S0640,Student_640,C,80,42,68,87,70,69.4,C,Pass
S0641,Student_641,B,46,76,27,54,53,51.2,D,Fail
S0642,Student_642,B,52,27,100,89,46,62.8,C,Fail
S0643,Student_643,A,71,29,73,57,93,64.6,C,Fail
S0644,Student_644,A,31,38,27,31,39,33.2,F,Fail
S0645,Student_645,D,81,73,40,95,57,69.2,C,Pass
S0646,Student_646,D,44,51,26,63,78,52.4,D,Fail
S0647,Student_647,A,91,59,42,78,38,61.6,C,Pass
S0648,Student_648,A,61,39,38,88,50,55.2,D,Pass
S0649,Student_649,B,58,91,50,70,77,69.2,C,Pass
S0650,Student_650,C,45,30,95,88,51,61.8,C,Fail
S0651,Student_651,D,67,55,25,26,36,41.8,F,Fail
S0652,Student_652,A,98,88,44,36,90,71.2,B,Pass
S0653,Student_653,A,37,57,54,83,62,58.6,D,Pass
S0654,Student_654,C,84,31,37,47,30,45.8,F,Fail
S0655,Student_655,C,71,65,79,39,37,58.2,D,Pass
S0656,Student_656,A,26,42,46,67,70,50.2,D,Fail
S0657,Student_657,D,59,36,72,68,48,56.6,D,Pass
S0658,Student_658,A,76,76,83,59,74,73.6,B,Pass
S0659,Student_659,D,78,46,39,41,32,47.2,F,Fail
S0660,Student_660,B,38,78,100,86,97,79.8,B,Pass
S0661,Student_661,D,48,73,70,28,41,52.0,D,Fail
S0662,Student_662,D,87,39,77,81,30,62.8,C,Fail
S0663,Student_663,A,58,65,26,92,98,67.8,C,Fail
S0664,Student_664,B,68,91,91,37,80,73.4,B,Pass
S0665,Student_665,B,86,69,74,44,96,73.8,B,Pass
S0666,Student_666,A,26,45,89,85,88,66.6,C,Fail
S0667,Student_667,B,34,87,66,55,67,61.8,C,Fail
S0668,Student_668,C,31,89,53,95,73,68.2,C,Fail
S0669,Student_669,D,55,35,83,81,98,70.4,B,Pass
S0670,Student_670,D,36,88,82,65,40,62.2,C,Pass
S0671,Student_671,D,27,38,76,77,29,49.4,F,Fail
S0672,Student_672,A,36,63,90,96,51,67.2,C,Pass
S0673,Student_673,D,68,71,31,53,83,61.2,C,Fail
S0674,Student_674,C,96,85,71,82,39,74.6,B,Pass
S0675,Student_675,A,53,25,68,70,62,55.6,D,Fail
S0676,Student_676,C,38,30,46,88,42,48.8,F,Fail
S0677,Student_677,D,38,57,50,49,40,46.8,F,Pass
S0678,Student_678,D,52,83,49,68,38,58.0,D,Pass
S0679,Student_679,D,30,100,40,82,83,67.0,C,Fail
S0680,Student_680,B,88,25,92,31,95,66.2,C,Fail
S0681,Student_681,D,99,86,90,47,99,84.2,A,Pass
S0682,Student_682,B,41,38,74,66,89,61.6,C,Pass
S0683,Student_683,D,78,56,60,75,68,67.4,C,Pass
S0684,Student_684,C,82,42,42,77,90,66.6,C,Pass
S0685,Student_685,C,95,65,95,52,50,71.4,B,Pass
S0686,Student_686,B,62,69,41,47,89,61.6,C,Pass
S0687,Student_687,C,39,70,96,86,99,78.0,B,Pass
S0688,Student_688,D,93,61,79,26,91,70.0,B,Fail
S0689,Student_689,A,28,73,43,31,32,41.4,F,Fail
S0690,Student_690,B,59,45,61,57,43,53.0,D,Pass
S0691,Student_691,A,62,51,94,29,70,61.2,C,Fail
S0692,Student_692,D,38,96,53,96,74,71.4,B,Pass
S0693,Student_693,B,90,61,31,73,74,65.8,C,Fail
S0694,Student_694,D,65,95,31,26,57,54.8,D,Fail
S0695,Student_695,B,81,53,72,100,94,80.0,A,Pass
S0696,Student_696,B,49,62,82,47,34,54.8,D,Fail
S0697,Student_697,B,47,90,40,73,30,56.0,D,Fail
S0698,Student_698,D,60,96,58,41,45,60.0,C,Pass
S0699,Student_699,C,25,67,84,44,30,50.0,D,Fail
S0700,Student_700,B,66,31,63,87,98,69.0,C,Fail
S0701,Student_701,C,34,65,92,53,48,58.4,D,Fail
S0702,Student_702,A,89,45,78,94,93,79.8,B,Pass
S0703,Student_703,D,36,69,53,52,67,55.4,D,Pass
S0704,Student_704,C,71,62,52,92,85,72.4,B,Pass
S0705,Student_705,A,39,69,82,55,56,60.2,C,Pass
S0706,Student_706,A,66,73,39,74,57,61.8,C,Pass
S0707,Student_707,C,28,91,72,90,90,74.2,B,Fail
S0708,Student_708,D,87,30,62,49,66,58.8,D,Fail
S0709,Student_709,A,37,46,93,93,25,58.8,D,Fail
S0710,Student_710,A,51,52,79,38,51,54.2,D,Pass
S0711,Student_711,D,34,44,28,83,67,51.2,D,Fail
S0712,Student_712,A,36,34,31,47,57,41.0,F,Fail
S0713,Student_713,A,98,54,58,77,74,72.2,B,Pass
S0714,Student_714,D,76,80,65,27,74,64.4,C,Fail
S0715,Student_715,A,93,25,33,99,30,56.0,D,Fail
S0716,Student_716,A,70,89,38,62,63,64.4,C,Pass
S0717,Student_717,A,61,81,73,75,28,63.6,C,Fail
S0718,Student_718,D,45,93,53,42,75,61.6,C,Pass
S0719,Student_719,C,43,63,72,26,95,59.8,D,Fail
S0720,Student_720,B,40,30,25,98,75,53.6,D,Fail
S0721,Student_721,A,64,51,69,52,77,62.6,C,Pass
S0722,Student_722,B,45,48,53,57,49,50.4,D,Pass
S0723,Student_723,A,48,97,31,95,84,71.0,B,Fail
S0724,Student_724,A,62,33,57,37,50,47.8,F,Fail
S0725,Student_725,D,67,70,41,55,37,54.0,D,Pass
S0726,Student_726,C,33,49,65,87,82,63.2,C,Fail
S0727,Student_727,C,64,99,44,97,97,80.2,A,Pass
S0728,Student_728,C,65,79,46,25,65,56.0,D,Fail
S0729,Student_729,B,53,80,60,71,42,61.2,C,Pass
S0730,Student_730,C,86,84,82,70,64,77.2,B,Pass
S0731,Student_731,D,95,38,47,35,60,55.0,D,Pass
S0732,Student_732,B,93,50,58,34,34,53.8,D,Fail
S0733,Student_733,A,89,28,99,99,76,78.2,B,Fail
S0734,Student_734,B,29,95,58,94,94,74.0,B,Fail
S0735,Student_735,D,44,71,75,53,100,68.6,C,Pass
S0736,Student_736,C,42,84,89,90,36,68.2,C,Pass
S0737,Student_737,D,71,89,26,55,46,57.4,D,Fail
S0738,Student_738,B,82,45,47,97,97,73.6,B,Pass
S0739,Student_739,B,86,70,30,53,87,65.2,C,Fail
S0740,Student_740,B,33,58,72,54,30,49.4,F,Fail
S0741,Student_741,B,91,71,74,85,83,80.8,A,Pass
S0742,Student_742,A,30,66,38,91,60,57.0,D,Fail
S0743,Student_743,C,99,94,97,47,73,82.0,A,Pass
S0744,Student_744,D,71,100,34,91,57,70.6,B,Fail
S0745,Student_745,D,53,91,76,70,69,71.8,B,Pass
S0746,Student_746,D,86,25,89,42,81,64.6,C,Fail
S0747,Student_747,B,54,34,90,60,52,58.0,D,Fail
S0748,Student_748,B,48,45,71,40,54,51.6,D,Pass
S0749,Student_749,D,67,39,86,86,86,72.8,B,Pass
S0750,Student_750,B,100,45,77,27,56,61.0,C,Fail
S0751,Student_751,A,41,98,100,45,42,65.2,C,Pass
S0752,Student_752,A,98,43,32,46,58,55.4,D,Fail
S0753,Student_753,B,91,76,97,27,61,70.4,B,Fail
S0754,Student_754,A,52,82,85,86,46,70.2,B,Pass
S0755,Student_755,B,77,43,99,48,90,71.4,B,Pass
S0756,Student_756,C,46,68,83,100,33,66.0,C,Fail
S0757,Student_757,B,73,74,41,38,27,50.6,D,Fail
S0758,Student_758,B,91,89,78,44,37,67.8,C,Pass
S0759,Student_759,B,85,29,93,89,40,67.2,C,Fail
S0760,Student_760,A,86,41,94,25,80,65.2,C,Fail
S0761,Student_761,D,72,30,92,79,54,65.4,C,Fail
S0762,Student_762,D,73,69,100,98,37,75.4,B,Pass
S0763,Student_763,D,42,57,86,54,35,54.8,D,Pass
S0764,Student_764,C,94,77,57,49,25,60.4,C,Fail
S0765,Student_765,A,98,91,40,91,25,69.0,C,Fail
S0766,Student_766,D,51,65,77,71,38,60.4,C,Pass
S0767,Student_767,B,79,99,57,58,93,77.2,B,Pass
S0768,Student_768,D,97,71,60,75,51,70.8,B,Pass
S0769,Student_769,D,95,96,86,47,72,79.2,B,Pass
S0770,Student_770,D,57,64,98,69,75,72.6,B,Pass
S0771,Student_771,B,40,54,82,45,37,51.6,D,Pass
S0772,Student_772,B,90,76,68,95,31,72.0,B,Fail
S0773,Student_773,B,74,25,36,43,85,52.6,D,Fail
S0774,Student_774,D,36,33,58,53,72,50.4,D,Fail
S0775,Student_775,A,29,74,76,91,61,66.2,C,Fail
S0776,Student_776,A,47,88,81,26,50,58.4,D,Fail
S0777,Student_777,C,49,29,90,91,54,62.6,C,Fail
S0778,Student_778,B,29,71,55,25,45,45.0,F,Fail
S0779,Student_779,A,60,76,70,75,76,71.4,B,Pass
S0780,Student_780,B,91,26,33,36,95,56.2,D,Fail
S0781,Student_781,C,96,99,69,69,60,78.6,B,Pass
S0782,Student_782,B,49,83,76,98,25,66.2,C,Fail
S0783,Student_783,C,47,77,89,38,96,69.4,C,Pass
S0784,Student_784,A,89,62,68,39,90,69.6,C,Pass
S0785,Student_785,C,93,98,57,81,73,80.4,A,Pass
S0786,Student_786,D,56,68,83,83,100,78.0,B,Pass
S0787,Student_787,A,86,39,58,33,73,57.8,D,Fail
S0788,Student_788,B,54,65,77,70,91,71.4,B,Pass
S0789,Student_789,A,58,56,61,36,76,57.4,D,Pass
S0790,Student_790,C,34,95,47,85,65,65.2,C,Fail
S0791,Student_791,C,52,98,59,48,49,61.2,C,Pass
S0792,Student_792,D,50,55,55,58,51,53.8,D,Pass
S0793,Student_793,B,50,56,70,44,38,51.6,D,Pass
S0794,Student_794,A,35,88,25,94,30,54.4,D,Fail
S0795,Student_795,D,72,65,88,98,60,76.6,B,Pass
S0796,Student_796,D,48,90,60,75,53,65.2,C,Pass
S0797,Student_797,B,31,92,79,86,94,76.4,B,Fail
S0798,Student_798,A,89,69,75,47,83,72.6,B,Pass
S0799,Student_799,A,91,83,65,26,26,58.2,D,Fail
S0800,Student_800,B,73,99,37,66,71,69.2,C,Pass
S0801,Student_801,C,48,95,58,55,59,63.0,C,Pass
S0802,Student_802,D,68,71,48,88,79,70.8,B,Pass
S0803,Student_803,B,78,72,71,76,60,71.4,B,Pass
S0804,Student_804,D,48,98,41,98,54,67.8,C,Pass
S0805,Student_805,A,59,55,96,80,73,72.6,B,Pass
S0806,Student_806,B,43,44,85,26,47,49.0,F,Fail
S0807,Student_807,D,88,42,91,93,65,75.8,B,Pass
S0808,Student_808,D,63,57,96,97,31,68.8,C,Fail
S0809,Student_809,D,37,45,32,52,57,44.6,F,Fail
S0810,Student_810,D,37,82,67,58,71,63.0,C,Pass
S0811,Student_811,C,96,96,57,69,27,69.0,C,Fail
S0812,Student_812,D,40,69,50,98,98,71.0,B,Pass
S0813,Student_813,B,61,70,66,90,87,74.8,B,Pass
S0814,Student_814,D,35,73,61,84,43,59.2,D,Pass
S0815,Student_815,B,68,78,98,76,34,70.8,B,Fail
S0816,Student_816,A,45,68,54,65,65,59.4,D,Pass
S0817,Student_817,C,59,75,59,81,71,69.0,C,Pass
S0818,Student_818,D,77,46,48,27,41,47.8,F,Fail
S0819,Student_819,B,57,35,51,46,75,52.8,D,Pass
S0820,Student_820,A,37,33,85,95,31,56.2,D,Fail
S0821,Student_821,A,75,92,35,38,58,59.6,D,Pass
S0822,Student_822,B,35,74,64,54,56,56.6,D,Pass
S0823,Student_823,C,81,41,41,92,46,60.2,C,Pass
S0824,Student_824,A,29,70,66,85,84,66.8,C,Fail
S0825,Student_825,C,95,81,42,94,47,71.8,B,Pass
S0826,Student_826,D,97,80,92,93,64,85.2,A,Pass
S0827,Student_827,C,86,94,54,36,81,70.2,B,Pass
S0828,Student_828,C,71,77,58,44,63,62.6,C,Pass
S0829,Student_829,A,25,91,42,69,61,57.6,D,Fail
S0830,Student_830,D,93,26,87,86,63,71.0,B,Fail
S0831,Student_831,A,80,62,54,25,95,63.2,C,Fail
S0832,Student_832,C,49,77,96,80,75,75.4,B,Pass
S0833,Student_833,B,45,74,73,53,58,60.6,C,Pass
S0834,Student_834,A,79,55,91,59,61,69.0,C,Pass
S0835,Student_835,C,77,49,33,48,42,49.8,F,Fail
S0836,Student_836,C,39,83,82,59,87,70.0,B,Pass
S0837,Student_837,B,66,27,44,31,93,52.2,D,Fail
S0838,Student_838,A,48,38,61,59,41,49.4,F,Pass
S0839,Student_839,D,26,54,36,44,26,37.2,F,Fail
S0840,Student_840,D,52,68,78,64,88,70.0,B,Pass
S0841,Student_841,C,84,29,67,35,43,51.6,D,Fail
S0842,Student_842,A,59,75,34,94,85,69.4,C,Fail
S0843,Student_843,B,49,57,73,26,40,49.0,F,Fail
S0844,Student_844,B,74,81,56,29,50,58.0,D,Fail
S0845,Student_845,D,37,91,51,85,74,67.6,C,Pass
S0846,Student_846,C,66,45,30,95,91,65.4,C,Fail
S0847,Student_847,A,57,86,63,50,71,65.4,C,Pass
S0848,Student_848,A,52,39,55,80,66,58.4,D,Pass
S0849,Student_849,A,46,60,99,40,75,64.0,C,Pass
S0850,Student_850,B,26,30,99,85,44,56.8,D,Fail
S0851,Student_851,C,36,56,45,88,36,52.2,D,Pass
S0852,Student_852,C,32,32,70,44,93,54.2,D,Fail
S0853,Student_853,A,41,87,54,65,96,68.6,C,Pass
S0854,Student_854,C,81,49,27,73,70,60.0,C,Fail
S0855,Student_855,B,57,30,87,81,96,70.2,B,Fail
S0856,Student_856,C,94,87,49,97,48,75.0,B,Pass
S0857,Student_857,C,66,84,60,95,45,70.0,B,Pass
S0858,Student_858,A,92,44,82,62,58,67.6,C,Pass
S0859,Student_859,C,83,25,89,73,48,63.6,C,Fail
S0860,Student_860,A,71,55,66,33,93,63.6,C,Fail
S0861,Student_861,D,49,92,88,95,44,73.6,B,Pass
S0862,Student_862,C,66,77,66,39,37,57.0,D,Pass
S0863,Student_863,A,30,41,47,29,50,39.4,F,Fail
S0864,Student_864,A,87,49,37,29,98,60.0,C,Fail
S0865,Student_865,D,87,92,100,57,31,73.4,B,Fail
S0866,Student_866,C,53,34,26,51,87,50.2,D,Fail
S0867,Student_867,A,84,32,71,96,78,72.2,B,Fail
S0868,Student_868,C,32,59,92,30,34,49.4,F,Fail
S0869,Student_869,C,34,52,91,37,37,50.2,D,Fail
S0870,Student_870,B,93,74,49,49,92,71.4,B,Pass
S0871,Student_871,B,97,47,96,96,78,82.8,A,Pass
S0872,Student_872,A,98,70,83,79,38,73.6,B,Pass
S0873,Student_873,B,48,95,76,89,68,75.2,B,Pass
S0874,Student_874,B,93,81,70,65,95,80.8,A,Pass
S0875,Student_875,C,72,77,80,66,55,70.0,B,Pass
S0876,Student_876,B,73,95,57,71,82,75.6,B,Pass
S0877,Student_877,D,75,25,29,61,27,43.4,F,Fail
S0878,Student_878,B,63,25,63,53,52,51.2,D,Fail
S0879,Student_879,C,27,60,95,90,96,73.6,B,Fail
S0880,Student_880,B,37,29,83,70,44,52.6,D,Fail
S0881,Student_881,B,58,71,99,56,54,67.6,C,Pass
S0882,Student_882,C,63,36,98,76,97,74.0,B,Pass
S0883,Student_883,B,34,66,86,47,87,64.0,C,Fail
S0884,Student_884,A,63,29,98,73,35,59.6,D,Fail
S0885,Student_885,A,67,69,80,78,40,66.8,C,Pass
S0886,Student_886,B,26,73,31,64,92,57.2,D,Fail
S0887,Student_887,A,65,94,97,44,66,73.2,B,Pass
S0888,Student_888,B,44,31,75,82,98,66.0,C,Fail
S0889,Student_889,A,53,80,62,75,43,62.6,C,Pass
S0890,Student_890,B,68,35,85,98,31,63.4,C,Fail
S0891,Student_891,D,58,35,76,89,80,67.6,C,Pass
S0892,Student_892,B,42,86,96,50,87,72.2,B,Pass
S0893,Student_893,D,98,50,96,92,56,78.4,B,Pass
S0894,Student_894,B,34,59,80,66,98,67.4,C,Fail
S0895,Student_895,A,39,77,79,71,69,67.0,C,Pass
S0896,Student_896,B,66,69,28,64,46,54.6,D,Fail
S0897,Student_897,C,81,43,81,30,54,57.8,D,Fail
S0898,Student_898,B,72,44,35,39,31,44.2,F,Fail
S0899,Student_899,B,43,61,26,68,39,47.4,F,Fail
S0900,Student_900,C,82,85,27,67,51,62.4,C,Fail
S0901,Student_901,B,51,94,91,58,95,77.8,B,Pass
S0902,Student_902,D,43,27,73,99,92,66.8,C,Fail
S0903,Student_903,A,57,46,32,61,50,49.2,F,Fail
S0904,Student_904,C,31,84,26,33,74,49.6,F,Fail
S0905,Student_905,C,71,38,27,62,74,54.4,D,Fail
S0906,Student_906,B,73,90,37,65,87,70.4,B,Pass
S0907,Student_907,A,48,50,89,83,96,73.2,B,Pass
S0908,Student_908,A,30,56,92,64,67,61.8,C,Fail
S0909,Student_909,D,75,45,27,69,70,57.2,D,Fail
S0910,Student_910,C,63,55,89,60,32,59.8,D,Fail
S0911,Student_911,C,74,28,96,60,53,62.2,C,Fail
S0912,Student_912,B,68,75,42,36,73,58.8,D,Pass
S0913,Student_913,B,78,55,98,44,79,70.8,B,Pass
S0914,Student_914,C,67,82,94,41,51,67.0,C,Pass
S0915,Student_915,B,99,94,50,42,64,69.8,C,Pass
S0916,Student_916,B,80,43,97,45,65,66.0,C,Pass
S0917,Student_917,A,96,93,40,48,65,68.4,C,Pass
S0918,Student_918,B,28,65,77,77,63,62.0,C,Fail
S0919,Student_919,D,60,44,49,38,41,46.4,F,Pass
S0920,Student_920,B,28,59,97,54,54,58.4,D,Fail
S0921,Student_921,B,28,70,35,86,42,52.2,D,Fail
S0922,Student_922,D,72,48,74,87,85,73.2,B,Pass
S0923,Student_923,B,45,49,53,29,77,50.6,D,Fail
S0924,Student_924,A,59,77,53,50,51,58.0,D,Pass
S0925,Student_925,A,47,81,87,66,83,72.8,B,Pass
S0926,Student_926,B,79,76,30,73,65,64.6,C,Fail
S0927,Student_927,D,98,93,92,29,91,80.6,A,Fail
S0928,Student_928,A,82,83,30,56,91,68.4,C,Fail
S0929,Student_929,D,30,96,74,91,31,64.4,C,Fail
S0930,Student_930,B,62,81,75,63,61,68.4,C,Pass
S0931,Student_931,D,46,79,62,31,91,61.8,C,Fail
S0932,Student_932,B,84,82,36,89,39,66.0,C,Pass
S0933,Student_933,B,99,94,42,75,77,77.4,B,Pass
S0934,Student_934,C,82,28,47,83,100,68.0,C,Fail
S0935,Student_935,B,83,36,57,66,45,57.4,D,Pass
S0936,Student_936,A,36,39,82,71,35,52.6,D,Pass
S0937,Student_937,D,90,45,73,95,73,75.2,B,Pass
S0938,Student_938,A,46,67,97,44,45,59.8,D,Pass
S0939,Student_939,B,47,31,78,64,64,56.8,D,Fail
S0940,Student_940,D,61,48,40,41,50,48.0,F,Pass
S0941,Student_941,A,57,26,83,88,88,68.4,C,Fail
S0942,Student_942,A,88,55,52,100,85,76.0,B,Pass
S0943,Student_943,D,77,81,35,25,56,54.8,D,Fail
S0944,Student_944,C,96,51,31,48,43,53.8,D,Fail
S0945,Student_945,A,69,29,43,29,98,53.6,D,Fail
S0946,Student_946,C,67,36,31,38,78,50.0,D,Fail
S0947,Student_947,B,45,61,98,96,47,69.4,C,Pass
S0948,Student_948,D,99,71,29,36,63,59.6,D,Fail
S0949,Student_949,C,72,73,33,79,95,70.4,B,Fail
S0950,Student_950,A,62,85,42,40,60,57.8,D,Pass
S0951,Student_951,C,92,77,92,51,51,72.6,B,Pass
S0952,Student_952,A,38,98,92,36,86,70.0,B,Pass
S0953,Student_953,C,79,65,58,92,98,78.4,B,Pass
S0954,Student_954,C,41,97,88,91,88,81.0,A,Pass
S0955,Student_955,D,48,54,62,49,25,47.6,F,Fail
S0956,Student_956,A,28,84,40,51,78,56.2,D,Fail
S0957,Student_957,D,30,67,69,96,52,62.8,C,Fail
S0958,Student_958,A,50,61,57,33,64,53.0,D,Fail
S0959,Student_959,C,89,95,66,25,39,62.8,C,Fail
S0960,Student_960,C,68,75,97,28,47,63.0,C,Fail
S0961,Student_961,B,67,68,86,85,29,67.0,C,Fail
S0962,Student_962,B,86,44,83,93,67,74.6,B,Pass
S0963,Student_963,D,77,32,91,63,97,72.0,B,Fail
S0964,Student_964,C,96,93,27,51,98,73.0,B,Fail
S0965,Student_965,C,70,33,44,60,28,47.0,F,Fail
S0966,Student_966,C,73,93,46,98,74,76.8,B,Pass
S0967,Student_967,B,39,64,65,29,59,51.2,D,Fail
S0968,Student_968,D,36,88,55,72,82,66.6,C,Pass
S0969,Student_969,C,52,92,63,47,39,58.6,D,Pass
S0970,Student_970,C,29,50,36,81,89,57.0,D,Fail
S0971,Student_971,A,86,89,44,49,68,67.2,C,Pass
S0972,Student_972,D,92,64,66,43,37,60.4,C,Pass
S0973,Student_973,B,51,29,83,74,91,65.6,C,Fail
S0974,Student_974,A,25,64,30,36,67,44.4,F,Fail
S0975,Student_975,D,30,38,91,64,27,50.0,D,Fail
S0976,Student_976,C,51,66,50,49,61,55.4,D,Pass
S0977,Student_977,C,93,65,81,40,59,67.6,C,Pass
S0978,Student_978,B,45,60,39,26,96,53.2,D,Fail
S0979,Student_979,A,51,94,69,95,65,74.8,B,Pass
S0980,Student_980,C,43,61,98,56,46,60.8,C,Pass
S0981,Student_981,A,64,68,94,81,31,67.6,C,Fail
S0982,Student_982,B,28,85,31,38,74,51.2,D,Fail
S0983,Student_983,A,36,79,75,47,100,67.4,C,Pass
S0984,Student_984,D,70,64,67,50,93,68.8,C,Pass
S0985,Student_985,A,84,97,41,36,84,68.4,C,Pass
S0986,Student_986,A,83,64,84,85,54,74.0,B,Pass
S0987,Student_987,B,43,58,71,75,48,59.0,D,Pass
S0988,Student_988,C,66,83,87,28,33,59.4,D,Fail
S0989,Student_989,D,39,69,86,84,46,64.8,C,Pass
S0990,Student_990,C,69,98,41,90,38,67.2,C,Pass
S0991,Student_991,D,38,66,96,34,63,59.4,D,Fail
S0992,Student_992,D,76,100,77,55,56,72.8,B,Pass
S0993,Student_993,B,86,74,33,68,51,62.4,C,Fail
S0994,Student_994,D,80,97,68,94,55,78.8,B,Pass
S0995,Student_995,B,34,98,87,39,100,71.6,B,Fail
S0996,Student_996,D,66,96,37,81,47,65.4,C,Pass
S0997,Student_997,C,76,33,38,73,66,57.2,D,Fail
S0998,Student_998,D,32,36,52,42,99,52.2,D,Fail
S0999,Student_999,A,43,44,82,93,62,64.8,C,Pass
S1000,Student_1000,D,98,82,50,51,65,69.2,C,Pass
